{
  "_fv": 43,
  "_type": "tag",
  "definition": {
    "type": "Blocks",
    "items": [],
    "blocks": [
      {
        "value": "CUSTOM:RubyBlock"
      },
      {
        "value": "CUSTOM:SecretCrystalBlock"
      },
      {
        "value": "CUSTOM:RadiumBlock"
      },
      {
        "value": "CUSTOM:SecretBlock"
      },
      {
        "value": "CUSTOM:BedrockBlock"
      }
    ],
    "functions": [],
    "entities": [],
    "biomes": [],
    "name": "beacon_base_blocks",
    "namespace": "minecraft"
  }
}