{
  "_fv": 43,
  "_type": "tool",
  "definition": {
    "renderType": 0,
    "texture": "bedrock_sword",
    "customModelName": "Normal",
    "name": "Bedrock Sword",
    "specialInfo": [],
    "creativeTab": {
      "value": "COMBAT"
    },
    "toolType": "Sword",
    "harvestLevel": 100,
    "efficiency": 99.0,
    "attackSpeed": 0.0,
    "enchantability": 140,
    "damageVsEntity": 60.0,
    "usageCount": 0,
    "blocksAffected": [],
    "hasGlow": false,
    "repairItems": [
      {
        "value": "CUSTOM:BedrockIngot"
      }
    ],
    "immuneToFire": true,
    "stayInGridWhenCrafting": false,
    "damageOnCrafting": false,
    "onEntityHitWith": {
      "name": "BedrockSwordDangShiTiBeiGongJuJiZhongShi"
    }
  }
}