{
  "_fv": 43,
  "_type": "armor",
  "definition": {
    "enableHelmet": true,
    "textureHelmet": "bedrock_head",
    "enableBody": true,
    "textureBody": "bedrock_body",
    "enableLeggings": true,
    "textureLeggings": "bedrock_leggings",
    "enableBoots": true,
    "textureBoots": "bedrock_boots",
    "onHelmetTick": {
      "name": "BedrockArmorTouKuiShiJianMeiYouXiKe"
    },
    "onBodyTick": {
      "name": "BedrockArmorTouKuiShiJianMeiYouXiKe"
    },
    "onLeggingsTick": {
      "name": "BedrockArmorTouKuiShiJianMeiYouXiKe"
    },
    "onBootsTick": {
      "name": "BedrockArmorTouKuiShiJianMeiYouXiKe"
    },
    "creativeTab": {
      "value": "COMBAT"
    },
    "armorTextureFile": "bedrock",
    "helmetName": "Bedrock Helmet",
    "bodyName": "Bedrock Chestplate",
    "leggingsName": "Bedrock Leggings",
    "bootsName": "Bedrock Boots",
    "helmetSpecialInfo": [],
    "bodySpecialInfo": [],
    "leggingsSpecialInfo": [],
    "bootsSpecialInfo": [],
    "helmetModelName": "Default",
    "helmetModelPart": "Helmet",
    "helmetModelTexture": "From armor",
    "bodyModelName": "Default",
    "bodyModelPart": "Body",
    "armsModelPartL": "Arms L",
    "armsModelPartR": "Arms R",
    "bodyModelTexture": "From armor",
    "leggingsModelName": "Default",
    "leggingsModelPartL": "Leggings L",
    "leggingsModelPartR": "Leggings R",
    "leggingsModelTexture": "From armor",
    "bootsModelName": "Default",
    "bootsModelPartL": "Boots L",
    "bootsModelPartR": "Boots R",
    "bootsModelTexture": "From armor",
    "helmetItemRenderType": 0,
    "helmetItemCustomModelName": "Normal",
    "bodyItemRenderType": 0,
    "bodyItemCustomModelName": "Normal",
    "leggingsItemRenderType": 0,
    "leggingsItemCustomModelName": "Normal",
    "bootsItemRenderType": 0,
    "bootsItemCustomModelName": "Normal",
    "helmetImmuneToFire": true,
    "bodyImmuneToFire": true,
    "leggingsImmuneToFire": true,
    "bootsImmuneToFire": true,
    "maxDamage": 150,
    "damageValueHelmet": 20,
    "damageValueBody": 50,
    "damageValueLeggings": 60,
    "damageValueBoots": 20,
    "enchantability": 90,
    "toughness": 0.0,
    "knockbackResistance": 0.0,
    "equipSound": {
      "value": ""
    },
    "repairItems": [
      {
        "value": "CUSTOM:BedrockIngot"
      }
    ]
  }
}