{
  "_fv": 43,
  "_type": "potioneffect",
  "definition": {
    "effectName": "Bedrock Effect",
    "icon": "bedrock_effect.png",
    "color": {
      "value": -11513776,
      "falpha": 0.0
    },
    "isInstant": true,
    "isBad": false,
    "isBenefitical": true,
    "renderStatusInInventory": true,
    "renderStatusInHUD": true,
    "onStarted": {
      "name": "BedrockEffectDangYaoShuiXiaoGuoKaiShiYingYongShi"
    },
    "onActiveTick": {
      "name": "BedrockEffectZaiXiaoGuoChiXuShiMeiKeFaSheng"
    }
  }
}