{
  "_fv": 43,
  "_type": "achievement",
  "definition": {
    "achievementName": "Bedrock I Have !",
    "achievementDescription": "Have a bedrock ingot.",
    "achievementIcon": {
      "value": "CUSTOM:BedrockBlock"
    },
    "background": "Default",
    "disableDisplay": false,
    "showPopup": true,
    "announceToChat": true,
    "hideIfNotCompleted": false,
    "rewardLoot": [
      "BedrockZhanLiPing"
    ],
    "rewardRecipes": [],
    "rewardFunction": "No function",
    "rewardXP": 1000,
    "achievementType": "task",
    "parent": {
      "value": "No parent: root"
    },
    "triggerxml": "<xml xmlns=\"https://developers.google.com/blockly/xml\"><block type=\"item_in_inventory\" x=\"36\" y=\"18\"><value name=\"amount_l\"><block type=\"math_number\"><field name=\"NUM\">1</field></block></value><value name=\"amount_h\"><block type=\"math_number\"><field name=\"NUM\">1</field></block></value><value name=\"item\"><block type=\"mcitem_all\"><field name=\"value\">CUSTOM:BedrockIngot</field></block></value><next><block type=\"advancement_trigger\" deletable=\"false\"></block></next></block></xml>"
  }
}