{
  "_fv": 43,
  "_type": "recipe",
  "definition": {
    "recipeType": "Brewing",
    "recipeRetstackSize": 1,
    "group": "",
    "cookingBookCategory": "MISC",
    "xpReward": 0.0,
    "cookingTime": 200,
    "craftingBookCategory": "MISC",
    "recipeShapeless": false,
    "brewingInputStack": {
      "value": "POTION:WATER"
    },
    "brewingIngredientStack": {
      "value": "Items.LAVA_BUCKET"
    },
    "brewingReturnStack": {
      "value": "CUSTOM:Erosionbottle"
    },
    "name": "erosion_bottle_brewing",
    "namespace": "mod"
  }
}