{
  "_fv": 43,
  "_type": "tool",
  "definition": {
    "renderType": 0,
    "texture": "lead_hoe",
    "customModelName": "Normal",
    "name": "Lead Hoe",
    "specialInfo": [],
    "creativeTab": {
      "value": "TOOLS"
    },
    "toolType": "Hoe",
    "harvestLevel": 1,
    "efficiency": 5.0,
    "attackSpeed": 1.0,
    "enchantability": 10,
    "damageVsEntity": 1.0,
    "usageCount": 152,
    "blocksAffected": [],
    "hasGlow": false,
    "repairItems": [
      {
        "value": "CUSTOM:LeadDust"
      }
    ],
    "immuneToFire": false,
    "stayInGridWhenCrafting": false,
    "damageOnCrafting": false
  }
}