{
  "_fv": 43,
  "_type": "tool",
  "definition": {
    "renderType": 0,
    "texture": "radium_hoe",
    "customModelName": "Normal",
    "name": "Radium Hoe",
    "specialInfo": [],
    "creativeTab": {
      "value": "TOOLS"
    },
    "toolType": "Hoe",
    "harvestLevel": 18,
    "efficiency": 22.0,
    "attackSpeed": 1.0,
    "enchantability": 126,
    "damageVsEntity": 18.0,
    "usageCount": 5419,
    "blocksAffected": [],
    "hasGlow": false,
    "repairItems": [
      {
        "value": "CUSTOM:Radium"
      }
    ],
    "immuneToFire": false,
    "stayInGridWhenCrafting": false,
    "damageOnCrafting": false
  }
}