{
  "_fv": 43,
  "_type": "recipe",
  "definition": {
    "recipeType": "Crafting",
    "recipeRetstackSize": 1,
    "group": "",
    "cookingBookCategory": "MISC",
    "xpReward": 0.0,
    "cookingTime": 200,
    "craftingBookCategory": "MISC",
    "recipeShapeless": false,
    "recipeSlots": [
      {
        "value": "CUSTOM:Radium"
      },
      {
        "value": "CUSTOM:Radium"
      },
      {
        "value": "CUSTOM:Radium"
      },
      {
        "value": "CUSTOM:Radium"
      },
      {
        "value": "CUSTOM:Radium"
      },
      {
        "value": "CUSTOM:Radium"
      },
      {
        "value": "CUSTOM:Radium"
      },
      {
        "value": "CUSTOM:Radium"
      },
      {
        "value": "CUSTOM:Radium"
      }
    ],
    "recipeReturnStack": {
      "value": "CUSTOM:RadiumBlock"
    },
    "name": "radium_ore_block_recipe",
    "namespace": "mod"
  }
}