{
  "_fv": 43,
  "_type": "tool",
  "definition": {
    "renderType": 0,
    "texture": "secretcrystal_axe",
    "customModelName": "Normal",
    "name": "SecretCrystal Axe",
    "specialInfo": [],
    "creativeTab": {
      "value": "TOOLS"
    },
    "toolType": "Axe",
    "harvestLevel": 14,
    "efficiency": 19.0,
    "attackSpeed": 1.0,
    "enchantability": 98,
    "damageVsEntity": 14.0,
    "usageCount": 3811,
    "blocksAffected": [],
    "hasGlow": false,
    "repairItems": [
      {
        "value": "CUSTOM:SecretCrystal"
      }
    ],
    "immuneToFire": false,
    "stayInGridWhenCrafting": false,
    "damageOnCrafting": false
  }
}