{
  "_fv": 43,
  "_type": "armor",
  "definition": {
    "enableHelmet": true,
    "textureHelmet": "secretcrystal_head",
    "enableBody": true,
    "textureBody": "secretcrystal_body",
    "enableLeggings": true,
    "textureLeggings": "secretcrystal_leggings",
    "enableBoots": true,
    "textureBoots": "secretcrystal_boots",
    "creativeTab": {
      "value": "COMBAT"
    },
    "armorTextureFile": "secretcrystal",
    "helmetName": "SecretCrystal Helmet",
    "bodyName": "SecretCrystal Chestplate",
    "leggingsName": "SecretCrystal Leggings",
    "bootsName": "SecretCrystal Boots",
    "helmetSpecialInfo": [],
    "bodySpecialInfo": [],
    "leggingsSpecialInfo": [],
    "bootsSpecialInfo": [],
    "helmetModelName": "Default",
    "helmetModelPart": "Helmet",
    "helmetModelTexture": "From armor",
    "bodyModelName": "Default",
    "bodyModelPart": "Body",
    "armsModelPartL": "Arms L",
    "armsModelPartR": "Arms R",
    "bodyModelTexture": "From armor",
    "leggingsModelName": "Default",
    "leggingsModelPartL": "Leggings L",
    "leggingsModelPartR": "Leggings R",
    "leggingsModelTexture": "From armor",
    "bootsModelName": "Default",
    "bootsModelPartL": "Boots L",
    "bootsModelPartR": "Boots R",
    "bootsModelTexture": "From armor",
    "helmetItemRenderType": 0,
    "helmetItemCustomModelName": "Normal",
    "bodyItemRenderType": 0,
    "bodyItemCustomModelName": "Normal",
    "leggingsItemRenderType": 0,
    "leggingsItemCustomModelName": "Normal",
    "bootsItemRenderType": 0,
    "bootsItemCustomModelName": "Normal",
    "helmetImmuneToFire": false,
    "bodyImmuneToFire": false,
    "leggingsImmuneToFire": false,
    "bootsImmuneToFire": false,
    "maxDamage": 105,
    "damageValueHelmet": 14,
    "damageValueBody": 35,
    "damageValueLeggings": 42,
    "damageValueBoots": 14,
    "enchantability": 63,
    "toughness": 0.0,
    "knockbackResistance": 0.0,
    "equipSound": {
      "value": ""
    },
    "repairItems": [
      {
        "value": "CUSTOM:SecretCrystal"
      }
    ]
  }
}