{
  "_fv": 43,
  "_type": "tool",
  "definition": {
    "renderType": 0,
    "texture": "titanium_hoe",
    "customModelName": "Normal",
    "name": "Titanium Hoe",
    "specialInfo": [],
    "creativeTab": {
      "value": "TOOLS"
    },
    "toolType": "Hoe",
    "harvestLevel": 12,
    "efficiency": 18.0,
    "attackSpeed": 1.0,
    "enchantability": 84,
    "damageVsEntity": 12.0,
    "usageCount": 3072,
    "blocksAffected": [],
    "hasGlow": false,
    "repairItems": [
      {
        "value": "CUSTOM:TitaniumIngot"
      }
    ],
    "immuneToFire": false,
    "stayInGridWhenCrafting": false,
    "damageOnCrafting": false
  }
}