{
  "_fv": 43,
  "_type": "recipe",
  "definition": {
    "recipeType": "Crafting",
    "recipeRetstackSize": 4,
    "group": "",
    "cookingBookCategory": "MISC",
    "xpReward": 0.0,
    "cookingTime": 200,
    "craftingBookCategory": "MISC",
    "recipeShapeless": false,
    "recipeSlots": [
      {
        "value": "CUSTOM:TitaniumIngot"
      },
      {
        "value": "CUSTOM:TitaniumIngot"
      },
      {
        "value": "CUSTOM:TitaniumIngot"
      },
      {
        "value": "CUSTOM:TitaniumIngot"
      },
      {
        "value": "Items.GOLD_INGOT"
      },
      {
        "value": "Items.GOLD_INGOT"
      },
      {
        "value": "Items.GOLD_INGOT"
      },
      {
        "value": "Items.GOLD_INGOT"
      },
      {
        "value": "Items.GOLD_INGOT"
      }
    ],
    "recipeReturnStack": {
      "value": "CUSTOM:TitaniumAlloyIngot"
    },
    "name": "titanium_alloy_ingot_crafting",
    "namespace": "mod"
  }
}