{
  "_fv": 43,
  "_type": "villagertrade",
  "definition": {
    "tradeEntries": [
      {
        "villagerProfession": {
          "value": "CUSTOM:BedrockBlacksmith"
        },
        "entries": [
          {
            "price1": {
              "value": "CUSTOM:SecretCrystal"
            },
            "countPrice1": 2,
            "price2": {
              "value": "CUSTOM:Ruby"
            },
            "countPrice2": 3,
            "offer": {
              "value": "CUSTOM:BedrockIngot"
            },
            "countOffer": 1,
            "level": 1,
            "maxTrades": 10,
            "xp": 5,
            "priceMultiplier": 1.0
          }
        ]
      }
    ]
  }
}